"id","name","gender","phone","email","address","nationality","dob","educationBackground","modeOfContact"
"JRwoR7pFpymog078MzJnX","ajay","male","9843199439","ajayprazz@gmail.com","thimi","nepali","2053-12-23","bachelor","email"
"KYh0vbstnC36ROkGvrFtq","ajay","male","9843199439","ajayprazz@gmail.com","thimi","nepali","2053-12-23","bachelor","email"
"Da3VcED6pGfW44pXdzJGf","ajay","male","9843199439","asdasdsad","thimi","nepali","2053-12-23","bachelor","phone"
"Uq_f6oU_Vd8HZPVXJC09G","ajay","male","","asdasdsad","thimi","nepali","2053-12-23","bachelor","phone"
"x_MAtbM9Ub-psLJnE7Uso","ajay","male","9843199439","asdasdsad","thimi","nepali","2053-12-23","bachelor","phone"
"ImexjTz1ALcfHKdeZ-_Ly","ajay","male","9843199439","asdasdsad","thimi","nepali","2053-12-23","bachelor","phone"
"oe1eSTqyP50uJk6q-yJBC","ajay","male","9841123456","ajayprazz@gmail.com","thimi","Nepali, Nepalese","2021-04-21","Bachelors","email"
"Hr9TGKSRvtbn0zaChkniB","ajay","male","9841123456","ajayprazz@gmail.com","thimi","Nepali, Nepalese","2021-04-21","Bachelors","email"
"tfK_ptGDOkjtKcyw5IsYQ","test","male","9841123456","ajayprazz@gmail.com","thimi","Nepali, Nepalese","2021-04-01","Bachelors","email"
"25hjXMOPy3cog4Zpn0EUq","assd","other","9841123456","ajayprazz@gmail.com","thimi","Nepali, Nepalese","2021-04-07","Bachelors","email"
"z-39FnDumXSdwvcV8fIEw","qqqqq","other","9841123456","ajayprazz@gmail.com","asdsad","Afghan","2021-04-13","Ph.D","email"
"R92pr8O76Fxd_afKTeoJ0","asdasd","female","9841123456","ajayprazz@gmail.com","asdsadsad","Åland Island","2021-04-13","Bachelors","email"
"rN400YYUK_ygcxHtFWsjl","assad","male","9841123456","asdsad","sadds","Åland Island","2021-04-28","Ph.D","email"
"Ar7vOnxCP0QMX1sTGT2D7","asdsad","male","saddsa","saddas","sasad","Afghan","2021-04-21","Masters","email"
